id;nombre;apellido;email;num_celular;direccion;salario;horario
1;overriding Account bandwidth;Artesanal;MaraElena.Cedillo@gmail.com;Papelería;2022-04-08T07:45:56;56071;Hungria Director Rupiah
2;objetos Fantástico;Palladium bleeding-edge;Catalina_Roque7@hotmail.com;Borders PCI;2022-04-08T19:51:57;57078;Huerta
3;eyeballs Facilitador Francia;back-end hacking Descentralizado;Marisol.Garibay23@yahoo.com;Metal;2022-04-08T19:35:39;93195;Canarias
4;enhance demanda;firewall Integración;Gonzalo20@gmail.com;Refinado generate;2022-04-08T18:25:49;38201;optical
5;monitor;Amarillo Account Verde;Victoria.Galindo30@hotmail.com;colaboración Rioja deliver;2022-04-08T09:40:49;7939;El Teclado Agente
6;Parque;platforms Integrado;Gregorio.Duarte@gmail.com;wireless;2022-04-08T09:27:36;53772;Polígono
7;quantify;Granito Palladium;Salvador44@yahoo.com;Mercados;2022-04-08T02:47:41;8245;Monitorizado Savings
8;platforms program alarm;acceso;Sonia18@gmail.com;web;2022-04-08T01:36:16;13403;acompasada Vasco
9;Joyería;synthesize eyeballs;Sofa24@gmail.com;Loan Violeta;2022-04-08T13:41:12;35391;payment Bebes
10;withdrawal Seychelles Optimizado;Acero;Vicente15@yahoo.com;Botswana intangible multimedia;2022-04-08T08:05:20;35688;Juguetería plug-and-play
